記号,銘柄,株価,PER,EPS,MA50,ROE,利益率,配当利回り,RSI
MMM,3M Company,151.63,25.875,6.0,163.2884,0.75501,0.13027,0.020599999,34.21799315244898
AOS,A.O. Smith Corporation,70.46,18.135065,3.85,73.6288,0.29197,0.1426,0.0199,16.49556443042364
ABT,Abbott Laboratories,112.65,29.717743,3.72,116.1472,0.12961,0.14718,0.0224,42.658096338912
ABBV,AbbVie Inc.,227.45,95.78481,2.37,225.0232,62.25,0.0691,0.0304,47.609717684467455
ACN,Accenture plc,209.36,16.663637,12.1,248.0076,0.25016,0.107609995,0.0311,35.416675525102775
ADBE,Adobe Inc.,282.44,16.48472,16.69,293.2392,0.55426,0.29997,0.0,59.2028235095209
AMD,"Advanced Micro Devices, Inc.",202.68,77.8659,2.61,217.3614,0.07082,0.12515001,0.0,51.90307205654884
AES,The AES Corporation,14.19,10.847329,1.31,15.0606,0.01954,0.07439,0.0496,29.76653728985545
AFL,AFLAC Incorporated,110.18,16.173021,6.82,111.6356,0.13118,0.21242,0.0221,34.658041642957016
A,"Agilent Technologies, Inc.",116.64,25.481236,4.53,132.4916,0.19945998,0.18259001,0.0087,25.87001494209818
APD,"Air Products and Chemicals, Inc",274.4,0.0,-1.48,269.6084,-0.01667,-0.02733,0.026400002,37.02243334822353
ABNB,"Airbnb, Inc.",134.03,32.86352,4.03,130.9545,0.30233,0.20513001,0.0,61.90614587004693
AKAM,"Akamai Technologies, Inc.",102.11,34.03909,3.07,95.7164,0.091730006,0.10742,0.0,43.533211558439646
ALB,Albemarle Corporation,169.57,0.0,-5.77,168.6696,-0.04656,-0.09929,0.0095999995,47.12530365256617
ARE,Alexandria Real Estate Equities,51.18,0.0,-8.44,53.8072,-0.05856,-0.47384998,0.0797,34.799599661711156
ALGN,"Align Technology, Inc.",175.05,29.987608,5.65,174.1764,0.103870004,0.1017,0.0,24.781912264075586
ALLE,Allegion plc,150.22,19.8293,7.44,164.1612,0.36084,0.15829,0.0138,25.70968135710686
LNT,Alliant Energy Corporation,71.61,22.624203,3.14,67.9764,0.11299,0.18569,0.0287,62.397382204856
ALL,Allstate Corporation (The),207.69,5.450486,38.07,205.0152,0.39518002,0.15191,0.0208,48.490058446294775
GOOGL,Alphabet Inc.,306.36,28.40333,10.81,319.6226,0.35705003,0.32810003,0.0027,53.88220927367338
GOOG,Alphabet Inc.,306.01,28.419443,10.8,320.0026,0.35705003,0.32810003,0.0027,53.20965951995892
MO,"Altria Group, Inc.",67.04,16.296116,4.12,63.1912,0.0,0.34495,0.063200004,52.31541647131618
AMZN,"Amazon.com, Inc.",213.49,29.892609,7.17,225.0124,0.22286,0.108339995,0.0,62.125075537606676
AMCR,Amcor plc,42.3,31.654133,1.33,45.3546,0.07734,0.03039,0.0615,13.18645395612485
AEE,Ameren Corporation,110.41,20.633646,5.35,105.401,0.11337,0.1719,0.027,59.66544095228507
AEP,American Electric Power Company,131.86,19.866367,6.66,122.4336,0.12486,0.16364999,0.028800001,69.56517876023791
AXP,American Express Company,305.38,19.697855,15.39,350.9086,0.33992,0.16174999,0.0124,27.592304174100335
AIG,"American International Group, I",77.62,14.37385,5.43,77.8258,0.07399,0.11634,0.0232,41.71430190727458
AMT,American Tower Corporation (REI,186.64,34.530613,5.39,180.33,0.2628,0.23763001,0.0369,49.246080391095795
AWK,"American Water Works Company, I",137.73,23.34622,5.69,130.6248,0.10496,0.21615,0.024,54.16252052905221
AMP,"Ameriprise Financial, Inc.",461.48,12.576785,36.27,495.9542,0.60508,0.18841,0.0139,40.41818281120641
AME,"AMETEK, Inc.",225.07,35.41471,6.39,223.207,0.14594,0.19999,0.006,41.261188973585945
AMGN,Amgen Inc.,376.97,26.420126,14.21,353.6034,1.0610299,0.20982,0.026700001,46.66147615055782
APH,Amphenol Corporation,136.06,41.063065,3.33,143.9312,0.36851,0.1849,0.0073,39.14676162898633
ADI,"Analog Devices, Inc.",319.71,58.283367,5.47,315.6502,0.07862,0.23024,0.0127,31.886903134087504
AON,Aon plc,332.84,18.8689,17.01,338.1862,0.4694,0.21506001,0.009,48.360374731856666
APA,APA Corporation,32.59,7.9749374,3.99,27.0952,0.2532,0.16510999,0.0307,68.01346318431753
APO,"Apollo Global Management, Inc. ",108.14,19.52527,5.54,131.1846,0.14698,0.109840006,0.0189,29.013581241905527
AAPL,Apple Inc.,259.88,33.016453,7.9,264.0382,1.5202099,0.27037,0.004,45.44511822379197
AMAT,"Applied Materials, Inc.",338.94,35.438526,9.76,324.7554,0.38863,0.27784002,0.0054,41.432844862631136
APP,Applovin Corporation,517.23,47.596214,10.03,520.6706,2.12945,0.60827,0.0,63.745582510938135
APTV,Aptiv PLC,72.85,96.06667,0.75,79.2678,0.01948,0.008090001,0.0,20.392741236562117
ACGL,Arch Capital Group Ltd.,95.62,8.292241,11.6,96.3544,0.19540001,0.22073,0.0,39.93543343040493
ADM,Archer-Daniels-Midland Company,67.92,31.11659,2.23,65.5144,0.04721,0.01343,0.0306,58.08125668066598
ARES,Ares Management Corporation,108.85,63.555553,1.71,144.7586,0.13520001,0.09415,0.0496,22.50489009540641
ANET,"Arista Networks, Inc.",137.17,50.956203,2.74,134.3818,0.314,0.38991,0.0,50.06622670475976
AJG,Arthur J. Gallagher & Co.,217.78,36.82087,5.75,240.2036,0.06906,0.11484,0.0128999995,47.81629190342609
AIZ,"Assurant, Inc.",219.67,12.969303,16.94,233.0216,0.15899,0.0681,0.0153,50.0
T,AT&T Inc.,27.53,9.115131,3.04,26.0404,0.18805,0.17472,0.0403,48.24742203172333
ATO,Atmos Energy Corporation,185.24,23.916557,7.67,173.4496,0.09237,0.25667998,0.0216,70.33067936895354
ADSK,"Autodesk, Inc.",260.75,48.44466,5.24,258.1468,0.39675,0.15597999,0.0,68.03291242503848
ADP,"Automatic Data Processing, Inc.",223.04,20.860844,10.42,239.1302,0.73843,0.19964,0.0305,50.16338672554925
AZO,"AutoZone, Inc.",3672.68,26.079794,142.87,3618.9514,0.0,0.124689996,0.0,49.080027820995106
AVB,"AvalonBay Communities, Inc.",176.71,23.574324,7.4,178.3348,0.088879995,0.34569,0.0403,39.819493248854734
AVY,Avery Dennison Corporation,176.47,19.829351,8.79,188.2198,0.30212998,0.07769,0.021300001,21.61703287584774
AXON,"Axon Enterprise, Inc.",559.06,350.97348,1.51,538.0872,0.04476,0.044850003,0.0,69.39361277880492
BKR,Baker Hughes Company,60.1,22.823078,2.6,55.971,0.14552,0.09332,0.0153,39.92673826325808
BALL,Ball Corporation,62.39,18.79394,3.3,60.2554,0.16122,0.069299996,0.0128,25.92479388807277
BAC,Bank of America Corporation,47.9,12.745407,3.81,53.2782,0.10217,0.28401,0.0234,29.78419386735625
BAX,Baxter International Inc.,17.91,0.0,-1.75,20.1116,-0.13713,-0.085109994,0.0201,10.430653595825248
BDX,"Becton, Dickinson and Company",164.41,26.777779,6.12,166.0172,0.0696,0.08014,0.0254,12.035534027251373
BRK-B,Berkshire Hathaway Inc. New,497.2,15.924589,31.03,494.3456,0.09809,0.18029,0.0,46.51196433414115
BBY,"Best Buy Co., Inc.",65.96,12.857143,5.04,66.7524,0.37041,0.02564,0.0582,43.783145378394565
TECH,Bio-Techne Corp,54.87,99.660385,0.53,62.5904,0.03966,0.06672,0.0058,32.56560585244496
BIIB,Biogen Inc.,188.24,21.434586,8.79,183.1788,0.07394,0.13071999,0.0,43.00049070095549
BLK,"BlackRock, Inc.",957.67,27.372948,35.34,1085.8234,0.107159995,0.22930999,0.0239,23.309216950403325
BX,Blackstone Inc.,110.65,28.413437,3.87,139.1724,0.29228002,0.21243,0.0428,24.868545920205307
XYZ,"Block, Inc.",65.54,31.238096,2.1,61.5708,0.060100004,0.053969998,0.0,73.86636351386949
BK,The Bank of New York Mellon Cor,115.1,15.597297,7.4,119.621,0.12898,0.27739,0.0184,39.01781358015287
BA,Boeing Company (The),225.0,88.16194,2.47,234.755,2.90084,0.02498,0.0,31.088090105617397
BKNG,Booking Holdings Inc. Common St,4440.69,26.393202,165.64,4786.37,0.0,0.20076999,0.0088,53.277967711410106
BSX,Boston Scientific Corporation,71.9,36.061855,1.94,85.1552,0.12445,0.14437,0.0,31.712954480130236
BMY,Bristol-Myers Squibb Company,60.63,17.378613,3.46,57.6684,0.40442002,0.14637,0.0416,52.27791333423704
AVGO,Broadcom Inc.,345.75,66.91016,5.12,334.2482,0.33370999,0.36571997,0.0075,56.13416843581749
BR,"Broadridge Financial Solutions,",189.01,20.667776,9.03,199.462,0.41793,0.14864,0.020599999,61.71210144641445
BRO,"Brown & Brown, Inc.",71.04,21.702532,3.16,74.636,0.11226,0.18289,0.0089,45.02241606292919
BF-B,Brown Forman Inc,24.88,14.767442,1.72,27.66,0.20417,0.20639,0.0368,27.3459160300595
BLDR,"Builders FirstSource, Inc.",94.95,24.082262,3.89,113.2908,0.10064,0.02865,0.0,18.930538732901255
BG,Bunge Limited,118.79,24.290062,4.93,110.8266,0.05964,0.0116,0.023599999,45.683770952698765
BXP,"BXP, Inc.",52.48,30.712643,1.74,63.4506,0.04916,0.087790005,0.053400002,26.048433360417008
CHRW,"C.H. Robinson Worldwide, Inc.",181.94,36.485477,4.82,180.3072,0.32911,0.036170002,0.0138,42.018184617401104
CDNS,"Cadence Design Systems, Inc.",298.05,72.41728,4.05,304.1694,0.21855,0.20934999,0.0,42.59539258931915
CPT,Camden Property Trust,105.11,29.268362,3.54,108.4856,0.08598,0.24229,0.0403,32.38635963398397
CPB,The Campbell's Company,25.29,12.721649,1.94,27.1852,0.14815,0.056900002,0.0617,26.829278126321
COF,Capital One Financial Corporati,185.73,55.020832,3.36,221.741,0.02394,0.074829996,0.0172,33.20383021527229
CAH,"Cardinal Health, Inc.",222.28,31.183907,6.96,215.6428,0.0,0.00679,0.0092,38.547958550279674
CCL,Carnival Corporation,26.39,12.975247,2.02,30.6734,0.25632998,0.10366999,0.0057,25.597528005816457
CARR,Carrier Global Corporation,58.72,34.573963,1.69,59.3094,0.10925,0.06824,0.0163,30.35953112277474
CVNA,Carvana Co.,328.26,37.76896,8.44,399.4146,0.67946,0.06924,0.0,36.54837500652823
CAT,"Caterpillar, Inc.",704.82,38.080765,18.82,678.9838,0.43526,0.13144,0.0086,40.5159956079617
CBOE,"Cboe Global Markets, Inc.",299.2,27.427473,10.41,274.1906,0.2336,0.23334,0.0093,50.77117902745661
CBRE,CBRE Group Inc,136.94,34.958443,3.85,158.8992,0.13572,0.02853,0.0,20.252749629343967
CDW,CDW Corporation,120.74,14.684406,8.08,129.9342,0.43018,0.04756,0.0209,37.221391244046885
COR,"Cencora, Inc.",361.8,42.330532,8.32,353.9782,1.33467,0.0049900003,0.0066000004,41.589952442394896
CNC,Centene Corporation,43.32,0.0,-13.53,43.1828,-0.28678,-0.037890002,0.0,29.426294243174723
CNP,"CenterPoint Energy, Inc (Holdin",43.48,26.975,1.6,40.4684,0.096429996,0.11243,0.0212,65.59827979987512
CF,"CF Industries Holdings, Inc.",111.04,12.268673,8.97,91.5506,0.23401,0.20538999,0.018,69.287070546758
CRL,Charles River Laboratories Inte,176.99,0.0,-2.9,195.3594,-0.04232,-0.03595,0.0,57.944713348503285
SCHW,Charles Schwab Corporation (The,94.38,20.036558,4.65,99.772,0.18101999,0.37005,0.0136,42.2456130957958
CHTR,"Charter Communications, Inc.",222.81,6.0571666,36.21,215.5814,0.28667998,0.09105,0.0,32.315663181019715
CVX,Chevron Corporation,189.44,28.098038,6.63,173.1468,0.07231,0.06661,0.0376,55.78392650700394
CMG,"Chipotle Mexican Grill, Inc.",35.29,30.456142,1.14,38.3314,0.47355,0.12878,0.0,25.903623317627208
CB,Chubb Limited,324.4,12.660178,25.69,318.535,0.14337,0.17291,0.012,44.60716866094133
CHD,"Church & Dwight Company, Inc.",102.25,33.486755,3.02,95.0422,0.1762,0.11878,0.012,44.615385436190294
CIEN,Ciena Corporation,318.54,216.25641,1.56,275.3074,0.08201,0.044699997,0.0,56.7657636054749
CI,The Cigna Group,269.66,11.826949,22.19,280.3902,0.1513,0.02167,0.0231,25.387383548866282
CINF,Cincinnati Financial Corporatio,163.32,10.858932,15.17,163.5808,0.16036,0.18945,0.0217,53.15160987402399
CTAS,Cintas Corporation,200.77,42.484848,4.62,194.4762,0.43396,0.17584999,0.009,49.752371939671754
CSCO,"Cisco Systems, Inc.",76.21,27.94964,2.78,78.0304,0.23754999,0.18756,0.022,48.37836820771734
C,"Citigroup, Inc.",106.59,15.589415,6.99,115.7538,0.06831,0.18893999,0.0225,37.82521961238691
CFG,"Citizens Financial Group, Inc.",58.31,15.256477,3.86,62.419,0.07241,0.23969,0.031600002,30.376527581673884
CLX,Clorox Company (The),113.41,18.963993,6.11,113.958,9.87179,0.111719996,0.0437,35.392609436419576
CME,CME Group Inc.,311.64,27.425245,11.17,292.5122,0.1475,0.62584,0.0163,52.63451085976556
CMS,CMS Energy Corporation,77.24,21.713068,3.52,73.0488,0.108559996,0.12542,0.0295,61.37931669510153
KO,Coca-Cola Company (The),77.8,25.61842,3.04,74.8354,0.43323,0.2734,0.026500002,41.163538972785375
CTSH,Cognizant Technology Solutions ,64.65,13.811403,4.56,76.1988,0.15158,0.10564999,0.020399999,38.898558929319755
COIN,"Coinbase Global, Inc. - 3",199.79,44.062782,4.46,202.846,0.10055,0.1831,0.0,65.2312654248527
CL,Colgate-Palmolive Company,93.0,35.167297,2.63,88.8604,4.9747,0.1046,0.0224,41.4499058675407
CMCSA,Comcast Corporation,31.04,5.7643785,5.39,29.855967,0.2141,0.16166,0.0425,44.32546526924904
FIX,"Comfort Systems USA, Inc.",1372.4,48.00902,28.82,1197.7938,0.49238998,0.112349994,0.0016,55.099103063845426
CAG,"ConAgra Brands, Inc.",18.66,0.0,-0.21,18.1742,-0.0116,-0.008719999,0.075,41.01265174879608
COP,ConocoPhillips,117.03,17.97638,6.35,104.1374,0.12357,0.13252,0.0287,59.17132115507388
ED,"Consolidated Edison, Inc.",111.8,19.769094,5.63,106.1794,0.08767,0.11958,0.0307,48.81770440515098
STZ,"Constellation Brands, Inc.",148.96,23.525078,6.38,154.126,0.14454001,0.11826,0.0274,39.590339110799356
CEG,Constellation Energy Corporatio,322.99,42.85,7.4,310.376,0.16364,0.09082,0.0053,63.51966634575499
COO,"The Cooper Companies, Inc.",75.82,39.791447,1.87,81.9862,0.04868,0.09668,0.0,15.817462919073222
CPRT,"Copart, Inc.",37.57,22.83648,1.59,39.0318,0.17129,0.33758,0.0,41.00001287459713
GLW,Corning Incorporated,129.05,74.43716,1.83,113.3766,0.14904,0.10212,0.0087,52.276906101092244
CPAY,"Corpay, Inc.",325.6,21.880318,15.04,325.3972,0.29071,0.23625,0.0,39.86900652261545
CTVA,"Corteva, Inc.",78.3,43.605713,1.75,73.041,0.04974,0.06287,0.0092,49.60744584794971
CSGP,"CoStar Group, Inc.",48.42,2316.5002,0.02,56.5754,0.00088,0.0021600001,0.0,41.89944967475615
COST,Costco Wholesale Corporation,1005.3,53.334755,18.7,959.77,0.29650998,0.029860001,0.0052,50.49765517581791
CTRA,Coterra Energy Inc.,31.18,13.575892,2.24,28.4892,0.12275,0.2456,0.028199999,41.53355090106985
CRH,CRH PLC,106.46,19.288565,5.51,122.9732,0.15684,0.10022,0.014099999,12.263020330220385
CRWD,"CrowdStrike Holdings, Inc.",434.13,0.0,-0.65,432.3624,-0.04137,-0.033770002,0.0,55.63283236190416
CCI,Crown Castle Inc.,89.73,35.126984,2.52,87.2268,0.0,0.10413,0.047399998,53.69489901795569
CSX,CSX Corporation,40.6,26.564936,1.54,38.7978,0.22511,0.20501,0.0138,47.91672883813786
CMI,Cummins Inc.,550.19,27.227583,20.52,568.8534,0.23928,0.08444,0.014199999,37.87759058486372
CVS,CVS Health Corporation,78.26,54.906475,1.39,78.5252,0.022869999,0.00442,0.034,45.99439998598073
DHR,Danaher Corporation,198.8,38.81113,5.03,222.2166,0.07053,0.1471,0.008,29.677036317955526
DRI,"Darden Restaurants, Inc.",201.64,21.328093,9.54,205.415,0.54104,0.08924,0.0298,32.87456067439055
DDOG,"Datadog, Inc.",128.56,397.03226,0.31,124.5691,0.03343,0.03144,0.0,51.06053450331503
DVA,DaVita Inc.,152.56,15.952632,9.5,128.1774,0.64848,0.05474,0.0,56.80029490872849
DECK,Deckers Outdoor Corporation,104.32,14.951705,7.04,108.8906,0.39688,0.19348,0.0,19.616612136205163
DE,Deere & Company,599.48,33.4115,17.74,551.2736,0.19566,0.10302,0.0108,49.848262290047344
DELL,Dell Technologies Inc.,146.51,16.585928,8.67,123.9648,0.0,0.05228,0.0172,72.24233474909556
DAL,"Delta Air Lines, Inc.",60.58,7.737598,7.66,68.8656,0.27693,0.078990005,0.0124,28.50963685870937
DVN,Devon Energy Corporation,44.82,10.479616,4.17,40.4312,0.17736,0.16473,0.0214,45.68765905683632
DXCM,"DexCom, Inc.",68.74,32.43541,2.09,70.6448,0.34497002,0.17939,0.0,28.31169912073787
FANG,"Diamondback Energy, Inc.",182.86,31.183567,5.72,161.3514,0.03735,0.1164,0.023,57.32875292322492
DLR,"Digital Realty Trust, Inc.",179.65,50.519554,3.58,167.097,0.05469,0.2152,0.0272,58.73646125862508
DG,Dollar General Corporation,145.52,25.215889,5.79,146.8472,0.16450001,0.03033,0.0162,35.388332650638006
DLTR,"Dollar Tree, Inc.",115.85,22.125,5.28,126.5072,0.20066999,-0.15397,0.0,17.680933822844324
D,"Dominion Energy, Inc.",62.91,18.07781,3.47,61.5342,0.09741,0.18163,0.0424,39.13526377415402
DPZ,Domino's Pizza Inc,415.78,22.769754,17.59,403.6452,0.0,0.121800005,0.0191,59.47054767712133
DASH,"DoorDash, Inc.",176.59,79.40653,2.14,197.5598,0.10439,0.06816,0.0,46.99318952773527
DOV,Dover Corporation,211.0,26.34837,7.98,213.5738,0.15285,0.13518,0.0098,19.516449863835476
DOW,Dow Inc.,34.31,0.0,-3.7,28.9214,-0.13818,-0.065630004,0.051,64.15896561009944
DHI,"D.R. Horton, Inc.",147.69,13.219291,10.99,154.5854,0.13477,0.09948,0.012200001,13.149944615863419
DTE,DTE Energy Company,148.96,21.01849,7.03,137.7404,0.12177,0.09245,0.030299999,68.09855439371682
DUK,Duke Energy Corporation (Holdin,131.08,20.585714,6.3,122.5976,0.09724,0.15628,0.0325,70.2088618515467
DD,"DuPont de Nemours, Inc.",45.24,218.90477,0.21,45.7762,0.0051700003,-0.11374,0.0177,21.076117108492312
ETN,"Eaton Corporation, PLC",352.77,34.584293,10.44,351.3378,0.21525998,0.1489,0.0124,37.82762346806539
EBAY,eBay Inc.,92.91,21.328638,4.26,89.3336,0.40847,0.18297,0.013300001,68.09954297533942
ECL,Ecolab Inc.,281.86,38.705643,7.27,285.1984,0.22516,0.12907,0.0098,22.945419678763344
EIX,Edison International,70.73,6.154113,11.55,65.3614,0.24103001,0.23083,0.0496,55.61891992976972
EW,Edwards Lifesciences Corporatio,84.26,47.392265,1.81,82.8104,0.10353,0.17692,0.0,68.80528723516035
EA,Electronic Arts Inc.,199.27,74.93259,2.67,202.4078,0.10027,0.09307,0.0038,50.132994759216416
ELV,"Elevance Health, Inc.",279.02,11.213011,25.21,342.7586,0.1325,0.02843,0.024500001,17.970178780908952
EME,"EMCOR Group, Inc.",719.18,25.660872,28.19,716.0292,0.3849,0.07493,0.0022,34.05131453911942
EMR,Emerson Electric Company,141.12,34.338238,4.08,147.0464,0.09646,0.12718001,0.015700001,35.78786046619436
ETR,Entergy Corporation,104.65,26.79284,3.91,98.3842,0.10774,0.13581,0.023699999,62.20392878497755
EOG,"EOG Resources, Inc.",131.67,14.023026,9.12,113.9286,0.16829,0.21982999,0.031,62.16450891301598
EPAM,"EPAM Systems, Inc.",146.26,21.189268,6.71,185.8,0.10335,0.06921,0.0,30.092071952349315
EQT,EQT Corporation,62.23,18.67976,3.31,56.154,0.09007,0.24927,0.0106,68.09956713506068
EFX,"Equifax, Inc.",204.61,36.830826,5.32,206.442,0.13757,0.1087,0.0101,53.90118825804724
EQIX,"Equinix, Inc.",944.91,69.28043,13.8,850.9484,0.09722,0.14579001,0.020399999,61.50298786330611
EQR,Equity Residential,62.18,20.982935,2.93,62.533,0.100200005,0.36202,0.044499997,33.12001572263706
ERIE,Erie Indemnity Company,255.66,22.824137,10.69,278.0396,0.26194,0.13752,0.0229,26.60036211586639
ESS,"Essex Property Trust, Inc.",255.34,24.474493,10.39,255.2712,0.12235,0.346,0.0403,46.39999488466369
EL,"Estee Lauder Companies, Inc. (T",92.63,0.0,-0.51,109.4272,-0.04341,-0.012130001,0.0150999995,22.63815076938586
EG,"Everest Group, Ltd.",328.05,8.666313,37.79,332.4056,0.10847,0.0907,0.024400001,25.40291321215234
EVRG,"Evergy, Inc.",82.435,22.385246,3.66,77.7246,0.08569,0.14352,0.0334,58.360640701736834
ES,Eversource Energy (D/B/A),73.85,16.142544,4.56,70.4688,0.10777,0.124919996,0.0427,63.47084147509206
EXC,Exelon Corporation,49.14,17.952381,2.73,45.5514,0.09936,0.11411,0.0342,75.53551670822898
EXE,Expand Energy Corporation,107.87,13.826948,7.57,106.5154,0.100659996,0.15628,0.0296,60.542148324857045
EXPE,"Expedia Group, Inc.",241.54,23.614677,9.81,253.6194,0.48672,0.08783,0.0069999998,62.272009871574554
EXPD,Expeditors International of Was,145.24,23.759665,5.95,154.7966,0.35431,0.07321,0.0106,39.82650733991409
EXR,Extra Space Storage Inc,146.29,31.956425,4.59,141.8292,0.07008,0.28261998,0.044299997,52.759379543808635
XOM,Exxon Mobil Corporation,150.44,22.142004,6.69,138.68,0.110810004,0.089049995,0.0274,44.73795576401597
FFIV,"F5, Inc.",285.33,23.706713,12.07,272.428,0.20844,0.22455,0.0,58.63832171532254
FDS,FactSet Research Systems Inc.,221.04,13.486641,15.72,248.1598,0.28831,0.25399,0.0199,62.39469411589131
FICO,Fair Isaac Corporation,1441.2,47.686455,26.95,1492.2538,0.0,0.31886998,0.0,42.97615418068237
FAST,Fastenal Company,46.8,42.477062,1.09,44.3606,0.33291,0.15345,0.019199999,52.222218690097364
FRT,Federal Realty Investment Trust,106.54,22.820515,4.68,104.1102,0.12235,0.32092997,0.0421,55.50124545003463
FDX,FedEx Corporation,361.1,19.90421,18.06,339.5552,0.15886,0.04814,0.0161,31.346914175257467
FIS,Fidelity National Information S,51.18,69.21918,0.73,56.651,0.026010001,0.03578,0.0318,59.79898264484736
FITB,Fifth Third Bancorp,46.98,13.1983,3.53,50.5624,0.121929996,0.30186,0.0341,22.343739615746472
FSLR,"First Solar, Inc.",195.38,13.929578,14.2,234.2208,0.1745,0.2928,0.0,25.46636262950642
FE,FirstEnergy Corp.,50.96,28.78409,1.76,47.582,0.09195,0.06845,0.0365,69.28252885399971
FISV,"Fiserv, Inc.",61.29,9.376971,0.0,64.074,0.0,0.0,0.0,38.83313358426411
F,Ford Motor Company,12.19,0.0,-2.06,13.6406,-0.20193,-0.04369,0.049200002,30.123464232295106
FTNT,"Fortinet, Inc.",83.81,34.793385,2.42,80.3588,1.3571601,0.27257,0.0,59.62698372840498
FTV,Fortive Corporation,56.35,35.10692,1.59,56.3896,0.06396,0.13926,0.0046,35.49130689415509
FOXA,Fox Corporation,59.26,13.947242,4.17,66.615,0.16823,0.11407,0.0094,54.370097958081324
FOX,Fox Corporation,54.04,12.729017,4.17,60.138,0.16823,0.11407,0.0104,54.515550304832665
BEN,"Franklin Resources, Inc.",25.78,23.35185,1.08,26.1512,0.04464,0.06972,0.0512,27.694857149725593
FCX,"Freeport-McMoRan, Inc.",60.49,41.05263,1.52,60.6668,0.13946,0.08505,0.0099,49.62331061694825
GRMN,Garmin Ltd.,242.63,28.095459,8.59,218.2962,0.19783,0.22964,0.0173,54.27500343810619
IT,"Gartner, Inc.",166.39,16.482903,9.65,198.931,0.86861,0.11224,0.0,47.9800749062827
GE,GE Aerospace,321.93,40.56149,8.05,319.7538,0.44692,0.18982,0.0058,48.241880749528775
GEHC,GE HealthCare Technologies Inc.,75.63,15.984615,4.55,81.7786,0.22378,0.10104,0.0019,22.16778593491
GEV,GE Vernova Inc.,830.1,47.466064,17.68,743.6884,0.42641,0.1283,0.0018000001,54.763481719265684
GEN,Gen Digital Inc.,22.55,22.453608,0.97,24.5236,0.26902,0.12757,0.0222,34.931500884000044
GNRC,Generac Holdlings Inc.,207.11,78.33086,2.69,183.6416,0.06283,0.03791,0.0,35.941991341359625
GD,General Dynamics Corporation,361.98,23.000647,15.46,354.6704,0.17658001,0.08011,0.0166,55.108894847015584
GIS,"General Mills, Inc.",43.4,9.092473,4.65,45.483,0.27173,0.1351,0.056199998,29.521255279452063
GM,General Motors Company,74.69,22.914373,3.27,81.4888,0.04318,0.014579999,0.0095999995,25.28653076936321
GPC,Genuine Parts Company,111.84,231.82979,0.47,130.204,0.015,0.00271,0.038,27.19482531626737
GILD,"Gilead Sciences, Inc.",146.63,21.94387,6.77,138.1772,0.40655,0.28903,0.0224,42.3443086679414
GPN,Global Payments Inc.,74.8,16.600452,4.43,75.6556,0.04824,0.18169,0.0134000005,26.944452834747935
GL,Globe Life Inc.,142.01,10.157072,14.07,142.1022,0.20589,0.19372,0.0093,47.51976726838729
GDDY,GoDaddy Inc.,91.69,14.503216,6.22,101.8038,1.92901,0.17673,0.0,49.60380512895096
GS,"Goldman Sachs Group, Inc. (The)",832.03,16.240942,51.34,916.9372,0.13861,0.28917998,0.0216,29.186072501446418
HAL,Halliburton Company,34.65,23.56,1.5,33.213,0.12274,0.05783,0.0196,56.31215712184412
HIG,"The Hartford Insurance Group, I",137.95,10.296324,13.33,137.4406,0.21656,0.13518,0.0174,37.513766011898305
HAS,"Hasbro, Inc.",95.78,0.0,-2.3,92.595,-0.36355,-0.06858,0.0292,28.025961904730494
HCA,"HCA Healthcare, Inc.",545.13,18.964375,28.35,500.8882,0.0,0.08974,0.0057,51.28683546277033
DOC,"Healthpeak Properties, Inc.",17.42,174.0,0.1,17.0644,0.01164,0.02528,0.07,57.77774716599662
HSIC,"Henry Schein, Inc.",78.1,23.330276,3.27,78.1328,0.08701,0.03019,0.0,45.27687633706036
HSY,The Hershey Company,222.78,50.460827,4.34,206.9008,0.1889,0.07554,0.026099999,45.882999137456814
HPE,Hewlett Packard Enterprise Comp,21.81,0.0,-0.04,22.2218,-0.00471,-0.0033000002,0.026099999,46.29325354517166
HLT,Hilton Worldwide Holdings Inc.,303.46,48.673733,6.13,303.7378,0.0,0.29411,0.002,33.52606110800612
HOLX,"Hologic, Inc.",75.59,31.344398,2.41,75.043,0.108559996,0.13178,0.0,63.07712171274641
HD,"Home Depot, Inc. (The)",353.56,25.133709,14.21,372.3478,1.45541,0.08596,0.026400002,31.56202523002338
HON,Honeywell International Inc.,237.59,31.742744,7.58,225.181,0.26136,0.1263,0.02,50.86146029625743
HRL,Hormel Foods Corporation,23.88,26.22472,0.89,24.2862,0.061160002,0.0403,0.049000002,40.17241776202206
HST,"Host Hotels & Resorts, Inc.",19.16,17.5,1.1,19.0334,0.11489,0.12476,0.0417,38.90109917749279
HWM,Howmet Aerospace Inc.,254.14,68.439354,3.71,229.2034,0.30443,0.18274,0.0018000001,55.400288984960206
HPQ,HP Inc.,18.93,7.1174245,2.64,19.9806,0.0,0.04462,0.0634,56.962046709606234
HUBB,Hubbell Inc,487.76,28.903263,16.54,492.1536,0.24542,0.15178001,0.0116,32.32439317227171
HUM,Humana Inc.,178.53,17.644308,9.84,221.4598,0.07039,0.00916,0.0198,37.75399020691274
HBAN,Huntington Bancshares Incorpora,16.12,11.503597,1.39,17.6812,0.10095,0.28744,0.0385,24.7340491639371
HII,"Huntington Ingalls Industries, ",429.58,27.146294,15.38,407.902,0.124239996,0.048460003,0.0128,47.4452594209253
IBM,International Business Machines,253.33,22.439463,11.15,281.7734,0.35158002,0.15685001,0.026500002,44.0257197393387
IEX,IDEX Corporation,197.6,30.592186,6.4,198.1746,0.1234,0.13975,0.014400001,26.23422983530405
IDXX,"IDEXX Laboratories, Inc.",610.45,45.85375,13.06,666.2526,0.66202,0.24618,0.0,38.09995454706635
ITW,Illinois Tool Works Inc.,276.58,26.077291,10.48,272.5424,0.93718004,0.1911,0.0233,15.46366191990414
INCY,Incyte Corporation,97.1,14.979719,6.41,102.1104,0.2987,0.25026,0.0,24.83752408631743
IR,Ingersoll Rand Inc.,86.66,59.6,1.45,89.516,0.057729997,0.07599,0.00090000004,16.952666992881404
PODD,Insulet Corporation,240.38,68.26361,3.49,263.5844,0.18124,0.091239996,0.0,32.341952074663936
INTC,Intel Corporation,45.58,0.0,-0.06,45.2164,0.00022,-0.00505,0.0,53.68714809968502
IBKR,"Interactive Brokers Group, Inc.",67.49,30.855856,2.22,72.1708,0.23507999,0.15847999,0.0047,32.18039380364202
ICE,Intercontinental Exchange Inc.,165.8,27.759098,5.77,164.838,0.11885,0.33380002,0.0125,60.39230870635946
IFF,International Flavors & Fragran,73.16,0.0,-1.41,73.9306,-0.02559,-0.033150002,0.0219,19.382208872458406
IP,International Paper Company,38.39,0.0,-5.61,43.0646,-0.24678,-0.14877,0.0482,13.571374213412781
INTU,Intuit Inc.,473.67,29.57329,15.35,507.7808,0.23457001,0.2157,0.0098,67.82984129645757
ISRG,"Intuitive Surgical, Inc.",493.56,61.89172,7.85,522.8634,0.16690001,0.28375998,0.0,39.37579180708806
IVZ,Invesco Ltd,23.88,0.0,-1.6,27.0402,-0.01219,-0.04417,0.0352,31.156455559027123
INVH,Invitation Homes Inc.,25.97,26.822918,0.96,26.726,0.060939997,0.21632999,0.0462,38.22894275236523
IQV,"IQVIA Holdings, Inc.",178.55,21.802294,7.84,207.2496,0.21438,0.083380006,0.0,49.88448115497151
IRM,Iron Mountain Incorporated (Del,107.14,219.93877,0.49,96.4772,0.0,0.02095,0.0323,54.37330054090312
JBHT,"J.B. Hunt Transport Services, I",217.46,35.32733,6.11,214.1722,0.15787,0.04986,0.0083,44.34860929220239
JBL,Jabil Inc.,247.46,39.365204,6.38,247.1718,0.47823003,0.0226,0.0013,44.481005519855444
JKHY,"Jack Henry & Associates, Inc.",171.59,24.536587,6.97,175.3228,0.24284,0.20587,0.0137,73.32521768066108
J,Jacobs Solutions Inc.,134.67,34.878307,3.78,138.0976,0.09726,0.03495,0.0107,35.065825030447044
JNJ,Johnson & Johnson,242.59,22.075182,11.04,228.1238,0.35029998,0.28456,0.0214,50.02400672188213
JCI,Johnson Controls International ,133.09,44.94631,2.98,127.3326,0.12640001,0.14169,0.012,39.3132963834002
JPM,JP Morgan Chase & Co.,289.92,14.414878,20.03,310.6188,0.16134001,0.3391,0.0207,29.735243387562036
KVUE,Kenvue Inc.,18.16,23.631578,0.76,17.8366,0.14388,0.097200006,0.045700002,33.57143392368019
KDP,Keurig Dr Pepper Inc.,28.19,18.326797,1.53,28.3984,0.08356,0.12522,0.0326,40.38463077473017
KEY,KeyCorp,19.69,13.0,1.52,21.4214,0.09482,0.26102,0.0416,31.929194051884977
KEYS,Keysight Technologies Inc.,282.02,50.35979,5.67,235.1764,0.17222999,0.16946,0.0,67.85965492986884
KMB,Kimberly-Clark Corporation,102.85,20.927982,4.86,103.3188,1.26603,0.122880004,0.0498,31.477694285230896
KIM,Kimco Realty Corporation (HC),23.2,28.243902,0.82,21.6426,0.055370003,0.27323,0.0448,71.78913051663156
KMI,"Kinder Morgan, Inc.",33.3,24.058393,1.37,30.1576,0.09826,0.18043,0.035099998,60.70282945282945
KKR,KKR & Co. Inc.,90.94,38.444447,2.34,113.0296,0.08558,0.09241,0.0081,32.26728050995969
KLAC,KLA Corporation,1429.1,42.359764,34.3,1439.8298,1.00726,0.35764,0.0053,47.28989668104419
KHC,The Kraft Heinz Company,24.44,0.0,-4.93,24.0142,-0.12837,-0.23437999,0.0655,51.53650022360016
KR,Kroger Company (The),73.37,46.909092,1.54,65.4134,0.14405,0.0068800002,0.0191,58.711325590422206
LHX,"L3Harris Technologies, Inc.",371.26,42.355972,8.54,342.174,0.08191,0.07345,0.0135,55.243004866809564
LH,Labcorp Holdings Inc.,273.61,25.712921,10.45,270.5412,0.10509,0.06282,0.0105,40.255024961214495
LRCX,Lam Research Corporation,211.15,44.104507,4.88,219.6856,0.65565,0.3022,0.0049,37.43436656222329
LW,"Lamb Weston Holdings, Inc.",45.75,16.115942,2.76,45.4254,0.23164,0.060599998,0.0332,25.93402576475357
LVS,Las Vegas Sands Corp.,53.91,23.11064,2.35,58.838,0.73263,0.124989994,0.0195,27.417767273949863
LDOS,"Leidos Holdings, Inc.",179.54,15.49955,11.13,184.8288,0.31034002,0.084309995,0.0092,51.12488076876865
LEN,Lennar Corporation,99.94,12.370928,7.98,112.5398,0.08406,0.06079,0.02,13.503881281866867
LII,"Lennox International, Inc.",516.96,22.45,22.8,525.7724,0.75833,0.1551,0.0101,33.87800645610197
LLY,Eli Lilly and Company,1008.39,43.555893,22.99,1045.867,1.01159,0.31667,0.0062,45.874313351207896
LIN,Linde plc,483.62,32.71321,14.61,461.56,0.17817,0.20297001,0.013200001,45.10536060462127
LYV,"Live Nation Entertainment, Inc.",165.8,0.0,-0.23,149.718,0.36701,0.01968,0.0,62.1844509125524
LMT,Lockheed Martin Corporation,664.15,30.26115,21.52,598.422,0.76865,0.06685,0.020299999,51.59393522945275
L,Loews Corporation,109.1,13.679198,7.98,106.9758,0.09431,0.09033,0.0023,52.954544361837335
LOW,"Lowe's Companies, Inc.",250.22,21.17285,11.86,266.8552,0.0,0.07712,0.019199999,19.95350829404586
LULU,lululemon athletica inc.,169.76,11.573713,14.38,188.94,0.41017,0.15720001,0.0,31.318413958190504
LYB,LyondellBasell Industries NV,66.82,0.0,-2.48,52.8728,-0.06949,-0.02471,0.0718,77.73771898139788
MTB,M&T Bank Corporation,208.66,12.0,17.01,218.765,0.09797,0.3104,0.028800001,26.306548822039886
MPC,Marathon Petroleum Corporation,215.7,16.280634,13.22,187.2834,0.24193001,0.03033,0.0177,64.39866806852258
MAR,Marriott International,328.86,34.31579,9.5,329.3346,0.0,0.09882,0.0081,28.316788949281488
MRSH,Marsh,179.97,20.665083,8.42,182.6856,0.29352,0.15418,0.02,42.54625091804482
MLM,"Martin Marietta Materials, Inc.",612.52,37.15841,16.35,656.2262,0.10159001,0.18488,0.0054,32.352428390508734
MAS,Masco Corporation,64.24,16.443007,3.86,69.5084,71.5,0.10711,0.0199,11.773089307815013
MA,Mastercard Incorporated,517.72,31.157383,16.52,540.516,2.09915,0.45646998,0.0067000003,42.25647046579084
MTCH,"Match Group, Inc.",31.11,12.957983,2.38,31.4739,0.0,0.17591,0.0248,53.723397644578554
MKC,"McCormick & Company, Incorporat",64.18,21.634811,2.93,66.9174,0.14243001,0.1154,0.0299,25.749837449874562
MCD,McDonald's Corporation,330.8,27.465662,11.94,318.538,0.0,0.3185,0.0225,52.624348994552314
MCK,McKesson Corporation,942.16,26.78656,34.67,882.9864,0.0,0.01091,0.0034999999,45.192763130529066
MDT,Medtronic plc.,91.34,25.108938,3.58,98.5452,0.0939,0.13,0.0311,22.92188845985507
MRK,"Merck & Company, Inc.",117.11,16.08379,7.28,114.1242,0.36882,0.28078,0.029000001,39.46516822314849
META,"Meta Platforms, Inc.",647.39,27.832766,23.5,656.1544,0.30238,0.30084,0.0032,54.88432335716967
MET,"MetLife, Inc.",70.77,14.989384,4.71,77.1902,0.12020001,0.04384,0.0321,22.58270390055003
MTD,"Mettler-Toledo International, I",1248.62,29.271149,42.08,1395.6124,0.0,0.21587,0.0,22.08291892194123
MGM,MGM Resorts International,35.64,46.05263,0.76,35.472,0.1489,0.01174,0.0,41.27490533926947
MCHP,Microchip Technology Incorporat,65.0,0.0,-0.3,73.792,-0.010930001,-0.01574,0.027999999,7.236002338272357
MU,"Micron Technology, Inc.",389.32,38.354897,10.51,377.9756,0.22554001,0.28146,0.0011999999,44.74861003662611
MSFT,Microsoft Corporation,409.41,25.40764,15.97,436.2046,0.34390998,0.39044,0.0089,55.505376814253005
MAA,Mid-America Apartment Communiti,132.14,34.425926,3.78,135.0538,0.07645,0.2023,0.0463,29.76476877840149
MRNA,"Moderna, Inc.",55.74,0.0,-7.26,43.2466,-0.28868,-1.4516499,0.0,64.996423550473
MOH,Molina Healthcare Inc,146.03,15.84305,8.92,165.7346,0.11022,0.010829999,0.0,48.90808070136193
TAP,Molson Coors Beverage Company,46.01,0.0,-10.75,48.9192,-0.18172,-0.19205,0.0417,30.2537172800496
MDLZ,"Mondelez International, Inc.",58.17,29.936508,1.89,57.9406,0.09332,0.0636,0.0344,35.65575205743302
MPWR,"Monolithic Power Systems, Inc.",1062.0,82.16497,12.85,1084.0999,0.19173999,0.22272,0.0075,33.47962272708594
MNST,Monster Beverage Corporation,75.725,39.53608,1.94,80.0702,0.26815,0.22973,0.0,32.25629080273673
MCO,Moody's Corporation,462.69,33.130405,13.65,489.5564,0.62078,0.31861,0.0089,51.22899282913461
MS,Morgan Stanley,160.45,15.759804,10.2,177.9416,0.15614,0.23986,0.0249,32.20226351121984
MOS,Mosaic Company (The),26.92,15.576469,1.7,27.3472,0.048249997,0.04486,0.0327,33.25290302411685
MSI,"Motorola Solutions, Inc.",458.03,36.457973,12.73,420.2892,1.04197,0.18439,0.0106,59.1087723321321
MSCI,MSCI Inc.,564.41,35.061184,15.69,571.9756,0.0,0.38358003,0.0145000005,52.59061592279102
NDAQ,"Nasdaq, Inc.",88.05,28.349514,3.09,91.9486,0.15253,0.34063998,0.0123000005,65.58405990143946
NTAP,"NetApp, Inc.",100.61,16.260067,5.96,102.3032,1.12587,0.18065001,0.0207,38.767201605321226
NFLX,"Netflix, Inc.",98.32,38.316208,2.53,86.8594,0.42762002,0.24304001,0.0,80.87326129201543
NEM,Newmont Corporation,116.96,18.607199,6.39,117.0112,0.22343999,0.31254,0.0089,40.86199369464498
NWSA,News Corporation,24.54,31.207794,0.77,25.1402,0.06329,0.13346,0.0082,58.13397434844428
NWS,News Corporation,27.71,35.35065,0.77,28.6114,0.06329,0.13346,0.0072000003,59.47579435701574
NEE,"NextEra Energy, Inc.",92.01,27.739395,3.3,87.1736,0.083739996,0.24934,0.0271,53.18371015408683
NKE,"Nike, Inc.",56.53,32.795322,1.71,63.0004,0.17950001,0.05426,0.029000001,13.070480950403592
NI,NiSource Inc,47.03,23.882051,1.95,44.3206,0.0907,0.13994001,0.0255,60.85471467668618
NDSN,Nordson Corporation,271.49,29.51896,9.23,274.6806,0.17473,0.18386,0.0121,21.62050839732308
NSC,Norfolk Southern Corporation,302.43,23.392632,12.76,299.9362,0.19248,0.23587999,0.0179,25.397229829469808
NTRS,Northern Trust Corporation,138.41,15.787186,8.74,145.455,0.13492,0.21459,0.0228,36.76818264352866
NOC,Northrop Grumman Corporation,747.34,25.28311,29.07,674.6996,0.26167,0.09968001,0.0124,53.35994613819266
NCLH,Norwegian Cruise Line Holdings ,20.71,22.119566,0.92,22.6686,0.23285,0.043070003,0.0,29.633400589063854
NRG,"NRG Energy, Inc.",155.42,38.69077,4.01,159.6584,0.41548002,0.02813,0.012200001,34.798378537254465
NUE,Nucor Corporation,169.47,22.663563,7.52,176.5404,0.09361,0.05367,0.013200001,25.07948742134127
NVDA,NVIDIA Corporation,182.65,37.708164,4.9,185.8748,1.01485,0.55603004,0.0002,46.76346675987899
NVR,"NVR, Inc.",6872.03,15.544699,436.37,7538.9062,0.33185002,0.12836,0.0,23.94898431445094
NXPI,NXP Semiconductors N.V.,205.25,25.570528,7.94,230.213,0.20698999,0.16472,0.0198,16.827848088563556
ORLY,"O'Reilly Automotive, Inc.",94.61,31.888887,2.97,94.5814,0.0,0.14274,0.0,57.174238078775005
OXY,Occidental Petroleum Corporatio,54.76,39.34815,1.35,46.1536,0.05929,0.10772,0.0189,70.40053804584423
ODFL,"Old Dominion Freight Line, Inc.",197.22,40.376812,4.83,183.814,0.2393,0.18625,0.0058999998,50.982865379873175
OMC,Omnicom Group Inc.,83.99,0.0,-0.27,78.1262,0.00479,-0.00316,0.0381,69.83137308094064
ON,ON Semiconductor Corporation,59.23,205.48276,0.29,62.8744,0.01498,0.020179998,0.0,22.854346180131827
OKE,"ONEOK, Inc.",85.96,15.623616,5.42,79.3838,0.15489,0.1009,0.0484,44.042914143280925
ORCL,Oracle Corporation,151.56,28.082705,5.32,169.7428,0.69026,0.25280002,0.013200001,42.43912929820143
OTIS,Otis Worldwide Corporation,87.57,24.597141,3.5,89.8156,0.0,0.0959,0.019199999,28.58976145936495
PCAR,PACCAR Inc.,120.67,26.390242,4.51,121.769,0.12922,0.08352,0.0109,37.99296522562131
PKG,Packaging Corporation of Americ,222.8,25.794872,8.58,224.7822,0.17198,0.08611,0.0224,24.055076535425187
PLTR,Palantir Technologies Inc.,156.43,239.90477,0.63,156.6656,0.25983,0.36310002,0.0,68.48894812911745
PANW,"Palo Alto Networks, Inc.",165.1,91.98889,1.8,171.6992,0.16259001,0.12956999,0.0,68.60758733027014
PSKY,Paramount Skydance Corporation,11.19,344.33334,0.03,11.7212,-0.00863,-0.02149,0.0179,45.05632108767083
PH,Parker-Hannifin Corporation,932.17,34.67311,27.41,953.829,0.25781,0.17287001,0.0077,37.52450327529267
PAYX,"Paychex, Inc.",98.3,21.520363,4.42,102.442,0.40884998,0.26446,0.044,51.49549879469313
PAYC,"Paycom Software, Inc.",138.25,16.345726,8.07,139.5578,0.27417,0.22099,0.0108,58.338945809711134
PYPL,"PayPal Holdings, Inc.",46.16,8.321627,5.41,50.4736,0.25732002,0.15775,0.0121,63.36842018098685
PNR,Pentair plc.,92.2,22.941477,3.93,101.9846,0.17478001,0.15656,0.0113,16.445437436027248
PEP,"Pepsico, Inc.",161.53,26.841404,5.99,154.9056,0.42848,0.08773,0.0352,44.90722437848991
PFE,"Pfizer, Inc.",26.81,19.970589,1.36,26.278,0.08886,0.124180004,0.0642,47.35515077905837
PCG,Pacific Gas & Electric Co.,18.17,15.440678,1.18,16.658,0.08207,0.10399,0.011,57.264948208236476
PM,Philip Morris International Inc,173.25,23.811293,7.26,174.6488,0.0,0.27918,0.0339,35.59671806298796
PSX,Phillips 66,163.0,15.060241,10.79,147.3808,0.15427,0.03326,0.0312,62.82281873599239
PNW,Pinnacle West Capital Corporati,101.28,19.992079,5.05,94.4976,0.09059,0.11545999,0.0359,67.13562429409072
PNC,"PNC Financial Services Group, I",205.34,12.440627,16.59,221.6106,0.12158,0.31075,0.033099998,23.106744890687366
POOL,Pool Corporation,214.52,19.251614,10.85,245.1662,0.33058998,0.07683,0.0233,20.804517293651898
PPG,"PPG Industries, Inc.",108.25,15.296243,6.92,115.715,0.21077,0.09928001,0.026199998,16.003957009182912
PPL,PPL Corporation,38.025,23.798742,1.59,36.44,0.08157,0.13061,0.0298,59.31283007830823
PFG,Principal Financial Group Inc,90.61,17.091429,5.25,92.441,0.10524,0.075840004,0.0345,43.436306871133525
PG,Procter & Gamble Company (The),155.22,23.112593,6.75,152.2724,0.31562,0.19299999,0.0272,48.5866199548782
PGR,Progressive Corporation (The),206.8,10.762351,19.23,209.57,0.40448,0.12903,0.0672,57.565798761102926
PLD,"Prologis, Inc.",135.15,38.35493,3.55,133.8352,0.06127,0.36205003,0.0317,39.918661271274495
PRU,"Prudential Financial, Inc.",95.93,9.556557,9.99,107.5996,0.11359999,0.0584,0.056799997,25.497788404165448
PEG,Public Service Enterprise Group,83.37,19.732227,4.22,81.8274,0.12757,0.17349,0.0319,42.26947038981362
PTC,PTC Inc.,163.42,23.528023,6.78,162.523,0.23141001,0.28612,0.0,57.41150946612825
PSA,Public Storage,306.48,33.96115,9.01,286.3826,0.18763,0.36915,0.0392,58.45631181228412
PHM,"PulteGroup, Inc.",126.66,11.1861515,11.12,130.1208,0.17673999,0.12816,0.0082,15.638291132307515
PWR,"Quanta Services, Inc.",568.04,82.70528,6.82,491.1234,0.12739,0.03611,0.0008,65.21562421381168
QCOM,QUALCOMM Incorporated,138.11,27.258064,4.96,153.7468,0.2148,0.11958,0.025799999,37.567251997527414
DGX,Quest Diagnostics Incorporated,201.58,22.96,8.75,191.379,0.14751,0.089899994,0.0171,44.35090804458594
Q,"Qnity Electronics, Inc.",114.25,34.536366,3.3,101.7304,0.079840004,0.14556,0.0011999999,48.76798012396027
RL,Ralph Lauren Corporation,344.12,23.565012,14.69,361.1128,0.33846,0.11726,0.0106,34.80911918326929
RJF,"Raymond James Financial, Inc.",151.19,14.515625,10.24,163.618,0.17124,0.14758,0.0143,31.501165377138946
RTX,RTX Corporation,208.23,41.73387,4.96,197.4134,0.109519996,0.07598,0.013099999,53.02099352462853
O,Realty Income Corporation,64.94,55.45299,1.17,62.0536,0.02702,0.18370001,0.0499,50.51191107470101
REG,Regency Centers Corporation,78.23,27.716314,2.82,73.5742,0.07683,0.32740003,0.038599998,68.31832657456411
REGN,"Regeneron Pharmaceuticals, Inc.",781.6,18.603134,41.5,771.649,0.14864999,0.31409,0.0047999998,44.76857709878928
RF,Regions Financial Corporation,26.96,11.634783,2.3,28.6394,0.1165,0.30556,0.0388,26.816366571383895
RSG,"Republic Services, Inc.",230.14,32.58455,6.86,218.3418,0.18301001,0.12893,0.0109,61.32746819836736
RMD,ResMed Inc.,252.93,24.417984,10.12,255.0316,0.25676,0.27526,0.0095,34.207679153217526
RVTY,"Revvity, Inc.",92.11,43.834953,2.06,102.7872,0.03216,0.08445,0.003,34.39599661925928
HOOD,"Robinhood Markets, Inc.",79.35,38.307316,2.05,95.4988,0.21993999,0.42097,0.0,54.550437759476246
ROK,"Rockwell Automation, Inc.",375.55,42.75086,8.75,406.0326,0.23736,0.11557,0.0147,39.68027877312733
ROL,"Rollins, Inc.",57.57,51.633026,1.09,61.317,0.38944,0.14004,0.0127,31.648908448023107
ROP,"Roper Technologies, Inc.",363.06,24.920422,14.2,382.7486,0.07929,0.19441,0.01,72.4338242384282
ROST,"Ross Stores, Inc.",212.15,32.164654,6.62,193.4506,0.36678,0.094289996,0.0084,66.78255298136216
RCL,Royal Caribbean Cruises Ltd.,290.55,18.271152,15.6,304.1974,0.47731,0.23797001,0.0146,34.97102707435461
SPGI,S&P Global Inc.,445.28,29.722868,14.65,484.0344,0.13087,0.29154,0.0087,60.4339405360134
CRM,"Salesforce, Inc.",198.79,25.02054,7.79,218.2112,0.123959996,0.17958,0.0089,55.95717121021665
SNDK,Sandisk Corporation,588.73,0.0,-7.48,499.1172,-0.09372,-0.11659,0.0,52.29318976989377
SBAC,SBA Communications Corporation,195.93,19.765305,9.8,191.012,0.0,0.37427,0.0255,44.0880383638365
SLB,SLB Limited,47.19,20.472342,2.35,47.4898,0.13904001,0.09449001,0.025,27.974680060281898
STX,Seagate Technology Holdings PLC,374.33,43.520954,8.83,366.5524,0.0,0.19586,0.007900001,39.70550509763965
SRE,DBA Sempra,93.51,33.807274,2.75,90.1712,0.051909998,0.134,0.028099999,56.41821104051242
NOW,"ServiceNow, Inc.",121.93,69.82635,1.67,123.7168,0.15488,0.13165,0.0,60.76848532377325
SHW,Sherwin-Williams Company (The),333.4,32.164555,10.27,350.8778,0.59391,0.108950004,0.0095999995,23.978620105027915
SPG,"Simon Property Group, Inc.",190.63,13.554693,14.17,191.8928,1.04109,0.7271,0.044899996,33.522238984272946
SWKS,"Skyworks Solutions, Inc.",55.28,21.045979,2.61,59.9792,0.06485,0.097270004,0.0514,21.14232539125804
SJM,The J.M. Smucker Company,108.96,0.0,-11.79,105.447,-0.20683001,-0.14068,0.0404,51.32652812313321
SW,Smurfit WestRock plc,42.09,32.135338,1.33,43.8228,0.03911,0.02242,0.043,13.94610937001248
SNA,Snap-On Incorporated,373.57,19.270832,19.2,370.628,0.18327999,0.19722,0.026099999,33.50932211686151
SOLV,Solventum Corporation,68.6,7.6126122,8.88,77.5282,0.38861,0.18691,0.0,28.048034480277906
SO,Southern Company (The),97.25,24.558672,3.92,90.8152,0.11043,0.14689,0.0304,73.36905534616581
LUV,Southwest Airlines Company,43.03,54.20253,0.79,46.5194,0.04812,0.01571,0.0167,14.806096973590044
SWK,"Stanley Black & Decker, Inc.",74.79,27.973583,2.65,82.9252,0.04522,0.02656,0.043899998,23.024045702959597
SBUX,Starbucks Corporation,99.77,83.97499,1.2,93.6828,0.0,0.036310002,0.0249,68.93422571712296
STT,State Street Corporation,121.93,13.037235,9.4,129.6704,0.11078,0.21209998,0.0276,37.04110661895826
STLD,"Steel Dynamics, Inc.",182.36,22.802254,7.99,184.0714,0.13284001,0.06523,0.0111,38.062903245299175
STE,STERIS plc (Ireland),227.72,30.973501,7.17,253.6964,0.10468,0.12144,0.0108,20.896448916885618
SYK,Stryker Corporation,365.92,42.595013,8.42,365.3162,0.15079,0.12923999,0.0095999995,33.84669410904252
SMCI,"Super Micro Computer, Inc.",31.98,23.20438,1.37,31.0912,0.13193,0.03111,0.0,57.11354987351747
SYF,Synchrony Financial,67.12,7.0538793,9.28,76.1688,0.21304001,0.36408,0.0179,33.18162529248305
SNPS,"Synopsys, Inc.",437.22,66.45929,6.51,466.0482,0.055430003,0.13756,0.0,46.10169324536849
SYY,Sysco Corporation,84.7,22.719677,3.71,82.1626,0.82345,0.021760002,0.0255,28.583702960532122
TMUS,"T-Mobile US, Inc.",217.5,22.50823,9.72,202.9556,0.18177,0.124469995,0.0188,59.56944923706016
TROW,"T. Rowe Price Group, Inc.",90.55,9.647186,9.24,100.2806,0.18791,0.28533,0.0574,31.454202885092386
TTWO,"Take-Two Interactive Software, ",214.63,0.0,-22.58,226.4968,-0.86217004,-0.60449004,0.0,60.51129998236519
TPR,"Tapestry, Inc.",145.5,57.468994,2.58,140.303,0.55337,0.0695,0.011,43.13099073346925
TRGP,"Targa Resources, Inc.",234.74,27.349411,8.5,205.6,0.51381,0.11293,0.017,56.32005548366469
TGT,Target Corporation,120.14,14.851168,8.13,109.8764,0.24034001,0.03536,0.038,62.060753251636825
TEL,TE Connectivity plc,206.24,29.201439,6.95,227.6378,0.16097,0.11406,0.0138,28.276189383710744
TDY,Teledyne Technologies Incorpora,654.06,34.67143,18.9,612.2814,0.08926,0.14632,0.0,45.725554775201346
TER,"Teradyne, Inc.",296.44,86.67723,3.47,264.2868,0.19734,0.17368001,0.0018000001,45.39373804264457
TSLA,"Tesla, Inc.",398.68,369.66202,1.08,426.2722,0.049250003,0.040009998,0.0,42.619833909828245
TXN,Texas Instruments Incorporated,196.2,36.231194,5.45,203.0546,0.30148,0.28283,0.029000001,16.880116473358683
TPL,Texas Pacific Land Corporation,539.79,74.82184,6.96,387.1874,0.37152,0.60308,0.0044,69.90325874026743
TXT,Textron Inc.,94.14,18.06836,5.12,94.0508,0.12242,0.062230002,0.0008,31.74526572098047
TMO,Thermo Fisher Scientific Inc,509.97,28.173521,17.75,566.63,0.13024001,0.15045999,0.0034999999,41.570784056217036
TJX,"TJX Companies, Inc. (The)",158.14,32.7577,4.87,155.4846,0.59129,0.091000006,0.0107,55.855414198310186
TKO,"TKO Group Holdings, Inc.",204.07,90.56388,2.27,207.9778,0.056339998,0.04127,0.0153,43.66359959105659
TTD,"The Trade Desk, Inc.",28.56,30.733334,0.9,31.2788,0.16317,0.15306,0.0,59.183671152395185
TSCO,Tractor Supply Company,50.67,24.436893,2.06,52.3072,0.45183998,0.07061,0.0189,39.11257578638274
TT,Trane Technologies plc,427.52,33.054115,13.12,422.2562,0.36956,0.13688,0.0098,35.7670971854847
TDG,Transdigm Group Incorporated,1277.93,40.847347,31.05,1349.4998,0.0,0.22239,0.0,37.09661318213216
TRV,"The Travelers Companies, Inc.",302.09,11.021866,27.44,291.6208,0.20698999,0.12878,0.0145000005,58.122481518157976
TRMB,Trimble Inc.,70.45,39.198864,1.76,71.644,0.07322,0.118190005,0.0,58.07451337424854
TFC,Truist Financial Corporation,46.75,12.212043,3.82,50.9444,0.08236,0.28803,0.044499997,24.406773743355387
TYL,"Tyler Technologies, Inc.",367.35,49.2,7.2,389.7548,0.08901,0.13532,0.0,71.14285714285714
TSN,"Tyson Foods, Inc.",61.33,107.571434,0.56,62.0074,0.012560001,0.0036300002,0.033299997,34.89716189241662
USB,U.S. Bancorp,52.13,11.244589,4.62,55.997,0.12184,0.28724,0.039100002,24.7964458640307
UBER,"Uber Technologies, Inc.",73.84,15.298098,4.73,78.5716,0.39925998,0.19326,0.0,48.58132905594588
UDR,"UDR, Inc.",37.21,32.54867,1.13,37.3112,0.09378,0.21597,0.0462,31.202048031969284
ULTA,"Ulta Beauty, Inc.",642.22,24.82662,26.07,662.5042,0.47967,0.09932,0.0,31.626163514255623
UNP,Union Pacific Corporation,253.61,20.903091,11.97,244.928,0.40377,0.29123,0.0218,31.01156470197357
UAL,"United Airlines Holdings, Inc.",94.52,8.931373,10.2,110.0296,0.23987,0.056760002,0.0,26.60749336279885
UPS,"United Parcel Service, Inc.",99.94,15.384146,6.56,109.6048,0.33772,0.06285,0.0656,20.5426389828188
URI,"United Rentals, Inc.",820.68,20.11382,38.57,870.3368,0.28357,0.15492,0.0095999995,31.53238990111454
UNH,UnitedHealth Group Incorporated,285.17,21.340893,13.23,308.097,0.12538,0.02694,0.031,46.75884952743592
UHS,"Universal Health Services, Inc.",190.53,8.078389,23.09,213.1622,0.21326,0.08574,0.0042,9.422848999723158
VLO,Valero Energy Corporation,215.95,28.630608,7.58,191.6072,0.08299,0.02025,0.0222,67.95500996970085
VTR,"Ventas, Inc.",86.21,159.40741,0.54,80.7576,0.0217,0.04321,0.0241,52.75084781543241
VLTO,Veralto Corp,94.06,24.412235,3.76,97.6602,0.36498,0.17082001,0.0055,41.299800974706784
VRSN,"VeriSign, Inc.",242.38,27.114773,8.8,237.2664,0.0,0.49842998,0.0134000005,73.73208385011476
VRSK,"Verisk Analytics, Inc.",210.28,31.274693,6.48,206.9222,4.3794603,0.2956,0.0095,66.39619469460067
VZ,Verizon Communications Inc.,50.45,12.490148,4.06,44.4494,0.17069,0.124280006,0.0561,70.71650331409151
VRTX,Vertex Pharmaceuticals Incorpor,460.87,32.625492,15.3,467.4818,0.22541,0.32939997,0.0,60.844735374856285
VTRS,Viatris Inc.,14.22,0.0,-3.0,13.9894,-0.21080999,-0.2458,0.033800002,27.29218917527477
VICI,VICI Properties Inc.,29.5,11.229885,2.61,28.8438,0.10217,0.69281,0.060399998,42.37919190887845
V,Visa Inc.,315.97,29.523945,10.65,330.2394,0.53954,0.50233,0.0085,42.38257117330613
VST,Vistra Corp.,163.62,75.41284,2.18,163.391,0.17656,0.05322,0.0056,43.94740702377281
VMC,Vulcan Materials Company (Holdi,274.33,33.374233,8.15,303.2344,0.12972,0.13559,0.0076,31.574062997777517
WRB,W.R. Berkley Corporation,68.24,15.249439,4.45,69.7364,0.19700001,0.120979995,0.0053,35.1983005077558
GWW,"W.W. Grainger, Inc.",1115.28,31.298447,35.35,1093.1406,0.46098998,0.09508,0.0081,40.53035404055569
WAB,Westinghouse Air Brake Technolo,247.0,36.074562,6.84,239.3366,0.11096,0.104770005,0.0043,31.212724745345568
WMT,Walmart Inc.,124.34,45.664234,2.74,121.5226,0.21847,0.0307,0.008,46.482180086442526
DIS,Walt Disney Company (The),101.66,14.921944,6.79,109.0338,0.12024,0.128,0.0148,24.379435262416024
WBD,"Warner Bros. Discovery, Inc. - ",27.75,95.724144,0.29,28.2812,0.02078,0.01949,0.0,33.114728058748895
WM,"Waste Management, Inc.",246.51,35.10283,6.71,228.2606,0.29696,0.10744,0.0139,52.06012953839998
WAT,Waters Corporation,305.67,27.846655,10.76,361.108,0.29279,0.20302,0.0,31.683288527970532
WEC,"WEC Energy Group, Inc.",115.59,23.804575,4.81,110.9076,0.11576,0.15893,0.033,54.09663040568806
WFC,Wells Fargo & Company,78.83,12.507987,6.26,89.4902,0.11732,0.26659,0.0228,26.639363911585207
WELL,Welltower Inc.,207.68,147.31915,1.41,195.1862,0.025390001,0.08644,0.0143,49.598989994144624
WST,"West Pharmaceutical Services, I",248.06,34.386765,6.8,254.0086,0.16855,0.16059999,0.0034999999,35.139035732290054
WDC,Western Digital Corporation,262.06,25.13881,10.59,245.3388,0.41126,0.35644,0.0019,38.89345831819959
WY,Weyerhaeuser Company,24.24,53.733334,0.45,25.5192,0.03384,0.046919998,0.0344,15.282370132297828
WSM,"Williams-Sonoma, Inc.",188.3,20.747797,9.08,204.0004,0.56918997,0.14297,0.0139999995,27.327527469345753
WMB,"Williams Companies, Inc. (The)",73.18,34.50467,2.14,66.9146,0.18555,0.22129999,0.0287,60.678384253526204
WTW,Willis Towers Watson Public Lim,294.67,17.778734,16.27,315.0648,0.20076,0.16533001,0.012999999,38.69238908759656
WDAY,"Workday, Inc.",148.14,55.01545,2.59,172.9662,0.08231,0.07255,0.0,49.87419177643405
WYNN,"Wynn Resorts, Limited",101.56,32.71656,3.14,113.5164,0.0,0.04586,0.0098,28.87769156076969
XEL,Xcel Energy Inc.,82.1,23.941519,3.42,77.6612,0.09358,0.13757,0.028900001,64.82475045138789
XYL,Xylem Inc.,123.52,31.30357,3.92,135.313,0.08396,0.10592,0.0139,35.81186301871173
YUM,"Yum! Brands, Inc.",159.85,28.684683,5.55,157.8984,0.0,0.1898,0.0188,42.651297920722826
ZBRA,Zebra Technologies Corporation,213.78,25.942614,8.19,245.0754,0.116809994,0.077649996,0.0,24.25098587663902
ZBH,"Zimmer Biomet Holdings, Inc.",93.28,25.830986,3.55,92.1502,0.05599,0.08566,0.010299999,30.13947583439824
ZTS,Zoetis Inc.,122.36,20.01495,6.02,126.0112,0.65992,0.28235,0.0173,32.13399202290205
